{
  "episodes": [
    0,
    1,
    2,
    3,
    4,
    5,
    6,
    7,
    8,
    9,
    10,
    11,
    12,
    13,
    14,
    15,
    16,
    17,
    18,
    19,
    20,
    21,
    22,
    23,
    24,
    25,
    26,
    27,
    28,
    29,
    30,
    31,
    32,
    33,
    34,
    35,
    36,
    37,
    38,
    39,
    40,
    41,
    42,
    43,
    44,
    45,
    46,
    47,
    48,
    49
  ],
  "train_return": [
    443.87234631065826,
    507.81858565841964,
    1015.8817608289494,
    1061.4778976894909,
    1028.0904201738208,
    1043.1530398535924,
    1027.5976695042507,
    1062.2002585487094,
    1057.0656289398705,
    1064.3983565475146,
    1057.7452949615672,
    1051.4825541464973,
    1052.3026220294175,
    1016.0526678818379,
    1021.8873671331352,
    934.9263057098752,
    1049.8277733772763,
    1045.5842447957837,
    1014.2184037315931,
    1012.8444587226177,
    1028.464248153159,
    1023.1261217007242,
    996.4886586460998,
    1035.0146277610172,
    1048.2640529519122,
    1035.2429254364936,
    1052.483779389483,
    1001.3184347969741,
    1058.0266928599874,
    1056.009410937251,
    1039.4824055784804,
    994.1624906851433,
    1057.2121911440563,
    1059.1623832322077,
    1058.2047964936385,
    1053.6626153935138,
    1050.9027590261805,
    1015.3579580664698,
    1025.9117047470857,
    1046.8653120278086,
    1055.142849506851,
    1024.7786266180783,
    1045.4080969468068,
    1046.0170460448173,
    1027.193203870678,
    1038.7334326995187,
    1048.3468176124693,
    1043.6141203408674,
    1012.9352826263292,
    1046.6829241479663
  ],
  "train_length": [
    4000,
    4000,
    4000,
    4000,
    4000,
    4000,
    4000,
    4000,
    4000,
    4000,
    4000,
    4000,
    4000,
    4000,
    4000,
    4000,
    4000,
    4000,
    4000,
    4000,
    4000,
    4000,
    4000,
    4000,
    4000,
    4000,
    4000,
    4000,
    4000,
    4000,
    4000,
    4000,
    4000,
    4000,
    4000,
    4000,
    4000,
    4000,
    4000,
    4000,
    4000,
    4000,
    4000,
    4000,
    4000,
    4000,
    4000,
    4000,
    4000,
    4000
  ],
  "eval_episodes": [
    4,
    9,
    14,
    19,
    24,
    29,
    34,
    39,
    44,
    49
  ],
  "eval_return": [
    1057.8059560378724,
    1053.7959338694686,
    1015.7079571569375,
    1059.351929206013,
    1044.7230853969413,
    1061.0867893348293,
    1063.03727612197,
    1068.910492507794,
    1066.6119149515496,
    1051.4942548576742
  ]
}