{
  "episodes": [
    0,
    1,
    2,
    3,
    4,
    5,
    6,
    7,
    8,
    9,
    10,
    11,
    12,
    13,
    14,
    15,
    16,
    17,
    18,
    19,
    20,
    21,
    22,
    23,
    24,
    25,
    26,
    27,
    28,
    29,
    30,
    31,
    32,
    33,
    34,
    35,
    36,
    37,
    38,
    39,
    40,
    41,
    42,
    43,
    44,
    45,
    46,
    47,
    48,
    49
  ],
  "train_return": [
    454.76202612432456,
    512.3599636633106,
    1038.830288110822,
    1068.4536699796965,
    1051.7406363004668,
    1057.7770071547795,
    1068.703328187057,
    1056.7036340671716,
    1005.5300891629317,
    1049.1638346245104,
    1066.0972477464074,
    1066.6797385649534,
    1044.2839104854884,
    1006.5000450801604,
    1048.987070807909,
    1055.9214813768588,
    1056.446109491859,
    1063.0868096592615,
    1052.8916305713258,
    1052.3289673886673,
    982.8510164945023,
    1053.1349967671936,
    1058.2819027725197,
    1067.6455045363357,
    1063.2343168057641,
    1048.1678591302048,
    1041.108113811953,
    1028.5003697811771,
    1063.644341542023,
    1064.2245291826498,
    1018.1284403265211,
    1040.5979536478671,
    1055.6549242347382,
    1055.1242731306525,
    1046.9454080806843,
    1040.231241801115,
    1012.0560607160356,
    1035.1928511329934,
    964.3732447185973,
    1058.861765260334,
    1045.6582506551047,
    1054.5428998319067,
    1046.6175967893498,
    1060.7964632155304,
    1062.065480952857,
    1045.4281569240698,
    1060.5720817208235,
    1064.0558200852136,
    1023.2236085203958,
    1062.4109594142446
  ],
  "train_length": [
    4000,
    4000,
    4000,
    4000,
    4000,
    4000,
    4000,
    4000,
    4000,
    4000,
    4000,
    4000,
    4000,
    4000,
    4000,
    4000,
    4000,
    4000,
    4000,
    4000,
    4000,
    4000,
    4000,
    4000,
    4000,
    4000,
    4000,
    4000,
    4000,
    4000,
    4000,
    4000,
    4000,
    4000,
    4000,
    4000,
    4000,
    4000,
    4000,
    4000,
    4000,
    4000,
    4000,
    4000,
    4000,
    4000,
    4000,
    4000,
    4000,
    4000
  ],
  "eval_episodes": [
    4,
    9,
    14,
    19,
    24,
    29,
    34,
    39,
    44,
    49
  ],
  "eval_return": [
    1033.011143711807,
    1013.5915394744043,
    1012.3810592857878,
    966.2247404006479,
    1004.1295160659662,
    1024.5046830389256,
    1005.0186717969995,
    1041.8185812887525,
    1052.4289857804197,
    1067.0147166935935
  ]
}