{
  "A": [1.0, 1.0, 1.0, 1.0],
  "B": [0.0075, 0.0108, 0.0107, 0.0076],
  "Q": [5.5737e-07, 9.8096e-07, 9.3884e-07, 5.5669e-08],
  "y_bar": [46.9379, 91.3817, 46.9198, 2.4786],
  "mu0": 2.04132080078125,
  "Sigma": 0.0,
  "block_to_seg": [0, 1, 2, 3],
  "ut_gmms": {
    "0": {
      "weights":[0.5542963416827642, 0.4457036583172358], 
      "means":[0.5618086295954384, 0.3755246320563489], 
      "covs":[0.009108838624491801, 0.01191729888206843]
    },
    "1": {
      "weights":[0.48515009249244107, 0.514849907507559],     
      "means":[0.47263720357300715, 0.7246708472731921],      
      "covs":[0.01762389798614385, 0.012465869940419226]
    },
    "2": {
      "weights":[0.5373561432655379, 0.46264385673446207],     
      "means":[-0.6946985501369878, -0.4338351434250658],     
      "covs":[0.013526001154849454, 0.01878531525610535]
    },
    "3": {
      "weights":[0.5457974783498394, 0.45420252165016056], 
      "means":[-0.5376544882596862, -0.35372799338213506], 
      "covs":[0.009390445309265909, 0.011514815548666967]
    }
  },
  "T": 41000,
  "comment": "If you have many blocks and only 4 motion phases, set block_to_seg accordingly (e.g., [0,0,0,...,1,1,...,2,2,...,3,3,...]) and have A, B, Q based on number of blocks."
}
