{
  "episodes": [
    0,
    1,
    2,
    3,
    4,
    5,
    6,
    7,
    8,
    9,
    10,
    11,
    12,
    13,
    14,
    15,
    16,
    17,
    18,
    19,
    20,
    21,
    22,
    23,
    24,
    25,
    26,
    27,
    28,
    29,
    30,
    31,
    32,
    33,
    34,
    35,
    36,
    37,
    38,
    39,
    40,
    41,
    42,
    43,
    44,
    45,
    46,
    47,
    48,
    49,
    50,
    51,
    52,
    53,
    54,
    55,
    56,
    57,
    58,
    59,
    60,
    61,
    62,
    63,
    64,
    65,
    66,
    67,
    68,
    69,
    70,
    71,
    72,
    73,
    74,
    75,
    76,
    77,
    78,
    79,
    80,
    81,
    82,
    83,
    84,
    85,
    86,
    87,
    88,
    89,
    90,
    91,
    92,
    93,
    94,
    95,
    96,
    97,
    98,
    99,
    100,
    101,
    102,
    103,
    104,
    105,
    106,
    107,
    108,
    109,
    110,
    111,
    112,
    113,
    114,
    115,
    116,
    117,
    118,
    119,
    120,
    121,
    122,
    123,
    124,
    125,
    126,
    127,
    128,
    129,
    130,
    131,
    132,
    133,
    134,
    135,
    136,
    137,
    138,
    139,
    140,
    141,
    142,
    143,
    144,
    145,
    146,
    147,
    148,
    149,
    150,
    151,
    152,
    153,
    154,
    155,
    156,
    157,
    158,
    159,
    160,
    161,
    162,
    163,
    164,
    165,
    166,
    167,
    168,
    169,
    170,
    171,
    172,
    173,
    174,
    175,
    176,
    177,
    178,
    179,
    180,
    181,
    182,
    183,
    184,
    185,
    186,
    187,
    188,
    189,
    190,
    191,
    192,
    193,
    194,
    195,
    196,
    197,
    198,
    199
  ],
  "train_return": [
    -140.62186661255754,
    -46.30465178104744,
    119.27428819861139,
    131.69580443085312,
    133.84823716931123,
    137.69998579148432,
    137.26688184380842,
    136.4883860885227,
    126.96402681394339,
    135.46108070444603,
    135.0857418184345,
    131.20938291257914,
    136.09788221414368,
    135.5570032673206,
    135.50803813523947,
    133.37370963472776,
    135.49037584212957,
    131.64205828835512,
    135.51061927723248,
    136.79264034371027,
    134.2389942571815,
    136.17778410031462,
    135.75264466387154,
    137.98187620690044,
    134.01869724478667,
    132.33321470107416,
    135.4377908618632,
    135.30190028463122,
    136.49702096792015,
    138.034762523348,
    134.3085130003542,
    138.31718029812149,
    138.34664577028906,
    135.91378258912388,
    138.10614700891765,
    133.38306804775272,
    129.96025679563738,
    136.36560316456243,
    139.06685805299,
    134.7063041074623,
    137.4082192967616,
    137.97971407414738,
    136.5013628014862,
    138.24548079989924,
    138.58977052473065,
    138.5843901630918,
    137.92705625832215,
    134.5910936799743,
    136.46706231011296,
    137.96818452131987,
    137.62343096395364,
    133.74881299798082,
    136.47285725144098,
    134.9579668060764,
    138.78767145694755,
    137.0287955372946,
    135.34327568235352,
    134.32547487662308,
    135.59475857046257,
    137.00342796664515,
    134.1261592230721,
    135.80699106433366,
    140.48021972994738,
    134.384995135269,
    139.69332472380628,
    139.41111892330503,
    139.3939248887574,
    139.372660742472,
    136.4138939635569,
    135.5619124566865,
    136.66651416803828,
    134.55391546327434,
    131.61193665349046,
    137.7186059595637,
    138.26731545127072,
    138.89409595035346,
    136.74912018666606,
    130.7580152842861,
    140.97463673813837,
    130.74550530283955,
    138.79353113199087,
    139.01086500457288,
    140.46017402919767,
    136.8278600690593,
    134.15123559395565,
    138.14233161945447,
    136.15766141188647,
    137.98918191085613,
    135.49539741062082,
    139.9584044250134,
    137.56806463045749,
    135.7723194593846,
    138.08616211007407,
    138.39748976469073,
    137.56214356131852,
    137.81878288715075,
    138.22236497901716,
    141.59996163171184,
    134.07611488329349,
    141.2885183804513,
    136.79224792249107,
    139.4462645926777,
    133.36476594099656,
    136.8623172262798,
    133.67775023732662,
    134.38067991776353,
    135.5372632598637,
    138.3199506129895,
    135.577022255125,
    135.90011859630417,
    135.39348781140532,
    138.38246689111125,
    139.6455691110307,
    136.42635358391158,
    136.73015111585795,
    135.56238428628237,
    139.0860206773411,
    139.0505654885618,
    136.98357031840388,
    135.01993595675606,
    137.43857573669615,
    139.08992684184204,
    136.62631148580584,
    136.10250274247892,
    138.9582769422166,
    138.21314442182089,
    138.21373799929086,
    126.75177979574248,
    139.47239040465107,
    134.78645994185717,
    139.60121443237645,
    139.8895681446444,
    135.27021175761354,
    136.28079370441517,
    137.29486303971845,
    135.28744722949907,
    139.69141302657474,
    138.61675396374233,
    136.9159379814724,
    132.26129149509524,
    140.4554105738752,
    136.29095393411623,
    138.54296638527774,
    135.69539382522956,
    138.2897982745887,
    136.65707713820376,
    138.21975252838467,
    135.33077969357657,
    137.50312827637237,
    135.71980567506645,
    136.1340091163932,
    135.47516766256564,
    137.35280501432527,
    135.10893172684086,
    136.1548324521712,
    135.85115212980418,
    138.93375796106145,
    137.89114271557287,
    137.5447887271192,
    138.9521905082695,
    137.8140648167734,
    137.83498654517064,
    137.24163998807003,
    135.08929186345293,
    141.00270970895758,
    136.7438936647739,
    137.85260761533704,
    134.42485675522784,
    137.4509088510426,
    133.40652615427697,
    138.68167633755402,
    136.01709069476303,
    135.74596721979378,
    134.93871837487129,
    134.42313184695269,
    140.7612666394501,
    139.043045688729,
    137.12816578134354,
    136.16041321765024,
    133.44638430890146,
    138.29012584494555,
    137.85388189867083,
    139.2276132770787,
    136.32249040664595,
    138.96577578602006,
    133.71464183941305,
    137.8775497753496,
    138.98989091558894,
    135.9963603176835,
    135.75594312752656,
    136.86887489185307,
    136.72885421283732,
    137.93033552292366,
    136.03917946765884,
    133.57997687865733,
    139.196904145366,
    138.45444774055227,
    135.22376020340516,
    136.1279944097846,
    137.02255059358637
  ],