{
  "episodes": [
    0,
    1,
    2,
    3,
    4,
    5,
    6,
    7,
    8,
    9,
    10,
    11,
    12,
    13,
    14,
    15,
    16,
    17,
    18,
    19,
    20,
    21,
    22,
    23,
    24,
    25,
    26,
    27,
    28,
    29,
    30,
    31,
    32,
    33,
    34,
    35,
    36,
    37,
    38,
    39,
    40,
    41,
    42,
    43,
    44,
    45,
    46,
    47,
    48,
    49,
    50,
    51,
    52,
    53,
    54,
    55,
    56,
    57,
    58,
    59,
    60,
    61,
    62,
    63,
    64,
    65,
    66,
    67,
    68,
    69,
    70,
    71,
    72,
    73,
    74,
    75,
    76,
    77,
    78,
    79,
    80,
    81,
    82,
    83,
    84,
    85,
    86,
    87,
    88,
    89,
    90,
    91,
    92,
    93,
    94,
    95,
    96,
    97,
    98,
    99,
    100,
    101,
    102,
    103,
    104,
    105,
    106,
    107,
    108,
    109,
    110,
    111,
    112,
    113,
    114,
    115,
    116,
    117,
    118,
    119,
    120,
    121,
    122,
    123,
    124,
    125,
    126,
    127,
    128,
    129,
    130,
    131,
    132,
    133,
    134,
    135,
    136,
    137,
    138,
    139,
    140,
    141,
    142,
    143,
    144,
    145,
    146,
    147,
    148,
    149,
    150,
    151,
    152,
    153,
    154,
    155,
    156,
    157,
    158,
    159,
    160,
    161,
    162,
    163,
    164,
    165,
    166,
    167,
    168,
    169,
    170,
    171,
    172,
    173,
    174,
    175,
    176,
    177,
    178,
    179,
    180,
    181,
    182,
    183,
    184,
    185,
    186,
    187,
    188,
    189,
    190,
    191,
    192,
    193,
    194,
    195,
    196,
    197,
    198,
    199
  ],
  "train_return": [
    1160.1508448230213,
    1170.7199188754903,
    1173.8407499841444,
    1159.4859764738121,
    1172.6507272444733,
    1171.8879137258314,
    1168.1305209778968,
    1187.2605868321602,
    1166.881315265089,
    1177.065923997452,
    1175.558041356475,
    1170.61995078461,
    1172.4832806482864,
    1177.7253620758886,
    1167.3521017332152,
    1178.3963332110131,
    1178.069245468138,
    1171.896868918166,
    1178.086642827466,
    1169.1004337973338,
    1170.53493839178,
    1181.0943618816284,
    1177.1518973365824,
    1165.5288251638253,
    1182.4670273491809,
    1182.1734658063642,
    1177.0286567078415,
    1173.7432572673001,
    1154.717849431474,
    1173.9758511789853,
    1177.0257985363244,
    1176.2519208825395,
    1186.5982744556827,
    1180.6660286275337,
    1163.4583878562714,
    1169.7362150662946,
    1165.5258767568796,
    1178.7478317406772,
    1175.4234560992695,
    1176.6817519063682,
    1172.3526298894853,
    1176.6761355113854,
    1164.1024690084657,
    1178.9575299817539,
    1177.9378820223437,
    1173.4338825779512,
    1176.2478065637165,
    1186.0807240469749,
    1168.9263061883403,
    1165.9639708674083,
    1177.8916276896364,
    1181.3778158809325,
    1177.6696300795595,
    1173.9936335920927,
    1182.4938214350814,
    1176.3644797044878,
    1178.1114413794578,
    1147.4928432482611,
    1152.1992112196342,
    1166.2522090054028,
    1180.996428193411,
    1147.5139048982808,
    1179.95953612701,
    1176.204557049458,
    1174.5810113784748,
    1168.5295620381723,
    1175.257559900429,
    1176.911484057755,
    1177.017406812333,
    1175.6894132860698,
    1178.5882138027685,
    1176.5662241132823,
    1172.3147237802705,
    1160.4784170030061,
    1175.3151742513242,
    1174.9486963417064,
    1174.8329296337834,
    1178.3262962372396,
    1179.3264874875672,
    1178.0968385797055,
    1176.6477633535508,
    1150.0004124385719,
    1169.1829117905042,
    1172.4931256139264,
    1101.9787641681983,
    1180.2929157961219,
    1181.232081933935,
    1171.0910765601152,
    1170.466408869952,
    1170.3744753902474,
    1193.810426438175,
    1172.8655567472492,
    1179.9509107023873,
    1177.0473169480106,
    1170.6449691237885,
    1151.5066305207874,
    1169.4707799944438,
    1177.346656974651,
    1154.944151818317,
    1165.915098118079,
    1176.6291489119462,
    1178.7939687889157,
    1166.6059029367493,
    1176.688053223948,
    1164.0225183172581,
    1173.9958431695154,
    1172.5106035015513,
    1154.9792404337934,
    1177.20564081524,
    1172.142769488331,
    1177.4464722180055,
    1178.3660899045549,
    1171.0758827795596,
    1167.8494833987847,
    1176.4023677566202,
    1166.280461664286,
    1174.5080594237636,
    1175.242182804652,
    1181.2130191099545,
    1190.85599901052,
    1174.3558255724045,
    1172.1992948270813,
    1173.6358228820122,
    1178.183044836553,
    1177.0177369325215,
    1177.4844347398214,
    1179.0359306447187,
    1163.4647468525739,
    1171.598206400781,
    1187.132204696545,
    1176.3748143037194,
    1168.7452154434757,
    1130.1513955420633,
    1174.8591823045444,
    1189.4391559897124,
    1177.3010211737558,
    1176.156129452126,
    1167.9571005843995,
    1172.7262294105342,
    1171.7273184819308,
    1177.5669200741129,
    1177.4793438997813,
    1175.7564222849455,
    1171.1826520814366,
    1177.9641392768715,
    1168.436916939688,
    1176.9239919370784,
    1177.0905131191178,
    1179.2863174657762,
    1176.6561529480998,
    1161.1704578796932,
    1178.8031670215128,
    1177.532046225334,
    1177.0729256574687,
    1172.6449243561747,
    1165.4118269707142,
    1184.814340705206,
    1174.4952755801771,
    1176.7477626214493,
    1173.6305913639296,
    1174.9526564328153,
    1173.8554740840761,
    1139.3309023294642,
    1172.2995567887783,
    1178.3870603000296,
    1163.1171768647482,
    1167.0017731931696,
    1171.8235929225548,
    1140.1599102811392,
    1174.7728151896895,
    1173.7734984802698,
    1169.0674895295592,
    1167.3009890707256,
    1172.3874905426737,
    1180.919194886528,
    1177.3826434416987,
    1165.5808223376266,
    1177.1183678708826,
    1173.838231998494,
    1173.4698562045512,
    1138.205820779065,
    1186.834387817822,
    1169.0780587972515,
    1173.0040988992437,
    1179.4203405426247,
    1180.4458036327133,
    1168.0062318483615,
    1175.347373604977,
    1176.44987940437,
    1164.563842069917,
    1159.7780080990333,
    1171.7212681412773,
    1179.0847538296782,
    1163.6147295360997,
    1177.6045939282828,
    1176.0312192520898,
    1177.7503022549618,
    1178.7554890210572,
    1171.3262576992154,
    1163.9504539837103
  ],